country,Rivers,Lakes,Estuaries
DRC,46.72461010112,11.113130212844,0
